Url/App name,Username,Password
Felix,Felix,a74ce86e65b4c4e34d972e180f54d5e2459147824664c66cdf982bbffa0fe9ed
Felix,Felix,a3bf1694cac632b5484af116fd86af5c0dabf05681b5049f23bb06c318aad242
Hallo,test,521d5e6da15af4dfcb03628e6d41e1fdd37f69cfefb22d4d79e1bd218178563f
1234,Felix,b66f2c1bfb822a880bef1994f837cbd29357abe0c26f195003d6e978701cb3cb
Felix,Hallo,d4e0559700884ff73095b4ab8fcd49e6deb3f35ab2a50fc4b62e6b08315589a4
Google,Test,609c3b2bed58f33ada0c601be8e4d4eae091d28772ff769d59f994780572efb0
1,chat,22324b757b2f0fa16bc1189d936bd90e8eb53a6bcee8be9716825655c8cd5950
Felix,UNAVAILABLE,9095938ff0b7b32e50326a715ab6d65defda73b397db2d232018b2fa27ef76c3
Google,Google,cabeaf414dfcb4120c7af5a3358ff2d4216c3db316b538942b2b7ebe3491d003
Windows,Merle,deaa018bde8f2ad8359efab0f07d90f73ce75cd2ec86c6428dd14b0022cf3f95
Auer,Felix,864834a79ad2a153dad8306590cfb4c32105496763512e7d9f7796f6a5643ad5
